Index,Joint1,Joint2,Joint3,Joint4,Joint5,Joint6,Joint7,Joint8
1,2690.010750,217.007259,1278.997456,4.284788,1.180787,-1.311928,1.513347,1.215288
2,2697.621237,220.414386,1287.512248,4.292053,1.123877,-1.315684,1.524960,1.159581
3,2686.007096,217.997020,1287.212244,4.292053,1.123877,-1.315684,1.524960,1.159645
4,2674.392746,215.584651,1286.912240,4.292053,1.123877,-1.315684,1.524960,1.160414
5,2662.778605,213.167286,1286.602237,4.292053,1.123877,-1.315684,1.524960,1.159645
6,2651.164255,210.754916,1286.302233,4.292053,1.123877,-1.315684,1.524960,1.160478
7,2639.549906,208.342546,1285.992229,4.292053,1.123877,-1.315684,1.524960,1.160414
8,2627.940760,205.925390,1285.682226,4.292053,1.123877,-1.315684,1.524960,1.159645
9,2616.321415,203.512811,1285.382222,4.292053,1.123877,-1.315684,1.524960,1.160479
10,2604.712061,201.100651,1285.072218,4.292053,1.123877,-1.315684,1.524960,1.160478
11,2593.097711,198.688281,1284.762214,4.292053,1.123877,-1.315684,1.524960,1.160895
12,2581.488357,196.276120,1284.447211,4.292053,1.123877,-1.315684,1.524960,1.160830
13,2569.869220,193.858546,1284.132207,4.292053,1.123877,-1.315684,1.524960,1.160543
14,2558.259657,191.451381,1283.822203,4.292053,1.123877,-1.315684,1.524960,1.161247
15,2546.645516,189.034016,1283.502199,4.292053,1.123877,-1.315684,1.524960,1.160543
16,2535.030958,186.626642,1283.192196,4.292053,1.123877,-1.315684,1.524960,1.161247
17,2523.416817,184.209277,1282.872192,4.292053,1.123877,-1.315684,1.524960,1.161376
18,2511.807254,181.802112,1282.552188,4.292053,1.123877,-1.315684,1.524960,1.161246
19,2500.188117,179.384537,1282.232184,4.292053,1.123877,-1.315684,1.524960,1.161376
20,2488.578554,176.977372,1281.912181,4.292053,1.123877,-1.315684,1.524960,1.161375
21,2476.963996,174.569998,1281.592177,4.292053,1.123877,-1.315684,1.524960,1.161246
22,2465.344859,172.152424,1281.272173,4.292053,1.123877,-1.315684,1.524960,1.162210
23,2453.735296,169.745259,1280.942169,4.292053,1.123877,-1.315684,1.524960,1.161247
24,2442.121155,167.327894,1280.622166,4.292053,1.123877,-1.315684,1.524960,1.162208
25,2430.506597,164.920520,1280.292162,4.292053,1.123877,-1.315684,1.524960,1.162208
26,2418.892038,162.513146,1279.962158,4.292053,1.123877,-1.315684,1.524960,1.161729
27,2407.282684,160.100985,1279.637154,4.292053,1.123877,-1.315684,1.524960,1.162143
28,2395.663338,157.688407,1279.307151,4.292053,1.123877,-1.315684,1.524960,1.162626
29,2384.053775,155.281242,1278.972147,4.292053,1.123877,-1.315684,1.524960,1.162144
30,2372.439426,152.868872,1278.642143,4.292053,1.123877,-1.315684,1.524960,1.162210
31,2360.829863,150.461707,1278.312140,4.292053,1.123877,-1.315684,1.524960,1.162975
32,2349.210517,148.049128,1277.972136,4.292053,1.123877,-1.315684,1.524960,1.162210
33,2337.600954,145.641963,1277.642132,4.292053,1.123877,-1.315684,1.524960,1.163041
34,2325.986396,143.234589,1277.302128,4.292053,1.123877,-1.315684,1.524960,1.162977
35,2314.372046,140.822220,1276.962125,4.292053,1.123877,-1.315684,1.524960,1.162625
36,2302.757487,138.414846,1276.627121,4.292053,1.123877,-1.315684,1.524960,1.163043
37,2291.147924,136.007681,1276.287117,4.292053,1.123877,-1.315684,1.524960,1.163456
38,2279.528370,133.600098,1275.942113,4.292053,1.123877,-1.315684,1.524960,1.162978
39,2267.919016,131.187937,1275.602110,4.292053,1.123877,-1.315684,1.524960,1.163041
40,2256.304457,128.780563,1275.262106,4.292053,1.123877,-1.315684,1.524960,1.163874
41,2244.689898,126.373189,1274.912102,4.292053,1.123877,-1.315684,1.524960,1.163041
42,2233.075340,123.965815,1274.572098,4.292053,1.123877,-1.315684,1.524960,1.163874
43,2221.460781,121.558441,1274.222095,4.292053,1.123877,-1.315684,1.524960,1.163876
44,2209.851218,119.151276,1273.872091,4.292053,1.123877,-1.315684,1.524960,1.163872
45,2198.231664,116.743693,1273.522087,4.292053,1.123877,-1.315684,1.524960,1.163876
46,2186.622101,114.336528,1273.172083,4.292053,1.123877,-1.315684,1.524960,1.163938
47,2175.007333,111.934149,1272.822080,4.292053,1.123877,-1.315684,1.524960,1.163874
48,2163.392775,109.526776,1272.472076,4.292053,1.123877,-1.315684,1.524960,1.164290
49,2151.778216,107.119402,1272.117072,4.292053,1.123877,-1.315684,1.524960,1.164292
50,2140.168653,104.712236,1271.762068,4.292053,1.123877,-1.315684,1.524960,1.164288
51,2128.549099,102.304654,1271.407065,4.292053,1.123877,-1.315684,1.524960,1.164292
52,2116.939536,99.897488,1271.052061,4.292053,1.123877,-1.315684,1.524960,1.164707
53,2105.324977,97.490114,1270.692057,4.292053,1.123877,-1.315684,1.524960,1.164709
54,2093.715414,95.082949,1270.332053,4.292053,1.123877,-1.315684,1.524960,1.164769
55,2082.095651,92.680362,1269.972050,4.292053,1.123877,-1.315684,1.524960,1.164774
56,2070.485879,90.278193,1269.612046,4.292053,1.123877,-1.315684,1.524960,1.165123
57,2058.871320,87.870819,1269.247042,4.292053,1.123877,-1.315684,1.524960,1.165123
58,2047.256761,85.463445,1268.882039,4.292053,1.123877,-1.315684,1.524960,1.165188
59,2035.641994,83.061066,1268.517035,4.292053,1.123877,-1.315684,1.524960,1.165190
60,2024.032222,80.658897,1268.152031,4.292053,1.123877,-1.315684,1.524960,1.165537
61,2012.412668,78.251314,1267.782027,4.292053,1.123877,-1.315684,1.524960,1.165607
62,2000.802896,75.849144,1267.412024,4.292053,1.123877,-1.315684,1.524960,1.165604
63,1989.188128,73.446766,1267.042020,4.292053,1.123877,-1.315684,1.524960,1.165542
64,1977.578565,71.039601,1266.672016,4.292053,1.123877,-1.315684,1.524960,1.165601
65,1965.958802,68.637014,1266.302012,4.292053,1.123877,-1.315684,1.524960,1.166023
66,1954.349030,66.234844,1265.927009,4.292053,1.123877,-1.315684,1.524960,1.166020
67,1942.734263,63.832466,1265.552005,4.292053,1.123877,-1.315684,1.524960,1.165956
68,1931.119704,61.425092,1265.177001,4.292053,1.123877,-1.315684,1.524960,1.166020
69,1919.504936,59.022713,1264.801997,4.292053,1.123877,-1.315684,1.524960,1.166440
70,1907.895164,56.620544,1264.421994,4.292053,1.123877,-1.315684,1.524960,1.166018
71,1896.275401,54.217957,1264.046990,4.292053,1.123877,-1.315684,1.524960,1.166440
72,1884.665629,51.815787,1263.666986,4.292053,1.123877,-1.315684,1.524960,1.166853
73,1873.050862,49.413409,1263.281982,4.292053,1.123877,-1.315684,1.524960,1.166440
74,1861.441090,47.011239,1262.901979,4.292053,1.123877,-1.315684,1.524960,1.166915
75,1849.821118,44.613648,1262.516975,4.292053,1.123877,-1.315684,1.524960,1.166791
76,1838.211555,42.206483,1262.131971,4.292053,1.123877,-1.315684,1.524960,1.166918
77,1826.596578,39.809100,1261.746967,4.292053,1.123877,-1.315684,1.524960,1.166788
78,1814.982020,37.401726,1261.361964,4.292053,1.123877,-1.315684,1.524960,1.167334
79,1803.367043,35.004343,1260.971960,4.292053,1.123877,-1.315684,1.524960,1.167337
80,1791.757062,32.607169,1260.581956,4.292053,1.123877,-1.315684,1.524960,1.167205
81,1780.142504,30.199795,1260.191952,4.292053,1.123877,-1.315684,1.524960,1.167334
82,1768.527527,27.802412,1259.801949,4.292053,1.123877,-1.315684,1.524960,1.167334
83,1756.912551,25.405030,1259.411945,4.292053,1.123877,-1.315684,1.524960,1.167624
84,1745.302988,22.997865,1259.016941,4.292053,1.123877,-1.315684,1.524960,1.167750
85,1733.688011,20.600482,1258.621937,4.292053,1.123877,-1.315684,1.524960,1.167750
86,1722.073035,18.203099,1258.226934,4.292053,1.123877,-1.315684,1.524960,1.168102
87,1710.458267,15.800721,1257.826930,4.292053,1.123877,-1.315684,1.524960,1.168170
88,1698.848287,13.403547,1257.426926,4.292053,1.123877,-1.315684,1.524960,1.167682
89,1687.228523,11.000960,1257.031923,4.292053,1.123877,-1.315684,1.524960,1.168587
90,1675.618543,8.603786,1256.626919,4.292053,1.123877,-1.315684,1.524960,1.168167
91,1664.003566,6.206403,1256.226915,4.292053,1.123877,-1.315684,1.524960,1.168106
92,1652.393794,3.804234,1255.826911,4.292053,1.123877,-1.315684,1.524960,1.168579
93,1640.773822,1.406642,1255.421908,4.292053,1.123877,-1.315684,1.524960,1.168587
94,1639.499194,1.449772,1260.216704,4.297357,1.093271,-1.319128,1.530343,1.138750
95,1634.089178,4.824272,1264.076402,4.290101,1.069434,-1.311928,1.539663,1.116120
96,1622.479197,2.427098,1263.671398,4.290101,1.069434,-1.311928,1.539663,1.116463
97,1610.859434,0.024511,1263.261394,4.290101,1.069434,-1.311928,1.539663,1.116536
98,1595.738615,2.109003,1262.128269,4.275624,1.073397,-1.299379,1.545315,1.122176
99,1552.347302,17.262889,1251.526924,4.194384,1.132734,-1.227973,1.562308,1.190195
100,1540.737321,14.865716,1251.111920,4.194384,1.132734,-1.227973,1.562308,1.189770
101,1529.117349,12.468124,1250.701917,4.194384,1.132734,-1.227973,1.562308,1.190260
102,1517.507159,10.075946,1250.286913,4.194384,1.132734,-1.227973,1.562308,1.190260
103,1430.987080,5.884673,1231.464046,4.111267,1.254486,2.088281,-1.569304,-1.831250
104,906.262629,1.040888,1221.683576,2.233933,1.338825,0.889576,1.556765,1.750246
105,869.942148,2.258830,1221.357364,2.230355,1.337893,0.993126,1.536231,1.746124
106,835.792533,22.473584,1223.786610,2.271830,1.314512,1.052467,1.536378,1.754490
107,844.546289,61.978470,1222.599752,2.450624,1.337655,0.980793,1.542452,1.705961
108,797.377240,61.921981,1224.216502,2.386146,1.337655,1.144153,1.513253,1.705961
109,779.541863,121.762016,1233.430016,2.516022,1.268696,1.117704,1.555454,1.747099
110,791.399974,153.827017,1233.155817,2.654797,1.298030,1.085768,1.559432,1.698890
111,743.269369,191.212360,1244.091645,2.622981,1.233004,1.215901,1.558784,1.758140
112,721.817843,217.737963,1248.142581,2.637618,1.233004,1.302072,1.542316,1.751696
113,730.063838,259.473456,1252.711464,2.744004,1.233004,1.302072,1.556291,1.737242
114,690.879976,275.996094,1256.663912,2.674839,1.241718,1.468051,1.513636,1.726323
115,682.016711,301.559552,1259.437898,2.690746,1.264253,1.555378,1.500670,1.694102
116,680.645039,323.558869,1260.988281,2.713130,1.303856,1.638434,1.495594,1.644209
117,670.899202,351.875846,1265.816824,2.707931,1.317000,1.746596,1.487186,1.619907
118,670.173632,377.713380,1269.682833,2.715062,1.344466,1.844192,1.489461,1.582019
119,678.761210,378.691956,1269.773034,2.702399,1.439423,1.965117,1.520076,1.481561
120,709.270400,395.282838,1271.595055,2.824979,1.461578,1.844059,1.541212,1.470101
121,708.715125,408.561234,1274.370050,2.824979,1.461578,1.844059,1.541212,1.474431
122,708.159850,421.839630,1277.085044,2.824979,1.461578,1.844059,1.541212,1.478696
123,707.603739,435.138009,1279.745038,2.824979,1.461578,1.844059,1.541212,1.482091
124,707.047211,448.446379,1282.360033,2.824979,1.461578,1.844059,1.541212,1.487156
125,706.490683,461.754748,1284.905027,2.824979,1.461578,1.844059,1.541212,1.491052
126,705.933319,475.083101,1287.400021,2.824979,1.461578,1.844059,1.541212,1.495171
127,705.375537,488.421444,1289.840015,2.824979,1.461578,1.844059,1.541212,1.499290
128,704.817337,501.769779,1292.225010,2.824979,1.461578,1.844059,1.541212,1.503772
129,704.258720,515.128105,1294.550004,2.824979,1.461578,1.844059,1.541212,1.507891
130,703.699685,528.496422,1296.819998,2.824979,1.461578,1.844059,1.541212,1.512010
131,703.140232,541.874731,1299.034993,2.824979,1.461578,1.844059,1.541212,1.516128
132,702.580362,555.263030,1301.194987,2.824979,1.461578,1.844059,1.541212,1.520609
133,702.020073,568.661321,1303.294981,2.824979,1.461578,1.844059,1.541212,1.524615
134,701.459785,582.059612,1305.339975,2.824979,1.461578,1.844059,1.541212,1.528842
135,700.898661,595.477886,1307.329970,2.824979,1.461578,1.844059,1.541212,1.533216
136,700.337537,608.896159,1309.259964,2.824979,1.461578,1.844059,1.541212,1.537333
137,699.775995,622.324424,1311.134958,2.824979,1.461578,1.844059,1.541212,1.541083
138,699.214035,635.762680,1312.959952,2.824979,1.461578,1.844059,1.541212,1.545466
139,698.652076,649.200936,1314.724947,2.824979,1.461578,1.844059,1.541212,1.549993
140,698.089489,662.654178,1316.429941,2.824979,1.461578,1.844059,1.541212,1.554060
141,697.526694,676.112417,1318.079935,2.824979,1.461578,1.844059,1.541212,1.558128
142,696.963690,689.575651,1319.674929,2.824979,1.461578,1.844059,1.541212,1.562605
143,696.400268,703.048876,1321.209924,2.824979,1.461578,1.844059,1.541212,1.566673
144,695.836638,716.527097,1322.689918,2.824979,1.461578,1.844059,1.541212,1.570742
145,695.272798,730.010313,1324.114912,2.824979,1.461578,1.844059,1.541212,1.574812
146,694.708750,743.498525,1325.484906,2.824979,1.461578,1.844059,1.541212,1.579284
147,694.144283,756.996729,1326.794900,2.824979,1.461578,1.844059,1.541212,1.583319
148,693.579817,770.494932,1328.049895,2.824979,1.461578,1.844059,1.541212,1.587789
149,693.014933,784.003127,1329.244889,2.824979,1.461578,1.844059,1.541212,1.591459
150,692.450049,797.511321,1330.389883,2.824979,1.461578,1.844059,1.541212,1.596293
151,691.884747,811.029507,1331.469877,2.824979,1.461578,1.844059,1.541212,1.599966
152,691.319445,824.547693,1332.499872,2.824979,1.461578,1.844059,1.541212,1.604403
153,690.753935,838.070874,1333.469866,2.824979,1.461578,1.844059,1.541212,1.608840
154,690.188215,851.599051,1334.379860,2.824979,1.461578,1.844059,1.541212,1.612540
155,689.622287,865.132224,1335.239854,2.824979,1.461578,1.844059,1.541212,1.616953
156,689.056358,878.665396,1336.039848,2.824979,1.461578,1.844059,1.541212,1.621021
157,688.490221,892.203564,1336.784843,2.824979,1.461578,1.844059,1.541212,1.625823
158,687.923875,905.746728,1337.464837,2.824979,1.461578,1.844059,1.541212,1.629503
159,687.357529,919.289892,1338.094831,2.824979,1.461578,1.844059,1.541212,1.633568
160,686.790974,932.838051,1338.669825,2.824979,1.461578,1.844059,1.541212,1.637986
161,686.224419,946.386210,1339.184819,2.824979,1.461578,1.844059,1.541212,1.642405
162,685.657864,959.934370,1339.639814,2.824979,1.461578,1.844059,1.541212,1.646111
163,685.090891,973.492520,1340.044808,2.824979,1.461578,1.844059,1.541212,1.650519
164,684.524127,987.045675,1340.389802,2.824979,1.461578,1.844059,1.541212,1.654572
165,683.957363,1000.598830,1340.679796,2.824979,1.461578,1.844059,1.541212,1.658999
166,683.390391,1014.156981,1340.909790,2.824979,1.461578,1.844059,1.541212,1.663052
167,682.823418,1027.715131,1341.084785,2.824979,1.461578,1.844059,1.541212,1.667473
168,682.256445,1041.273281,1341.199779,2.824979,1.461578,1.844059,1.541212,1.671526
169,681.689473,1054.831432,1341.259773,2.824979,1.461578,1.844059,1.541212,1.675579
170,681.122500,1068.389582,1341.264767,2.824979,1.461578,1.844059,1.541212,1.680368
171,680.555527,1081.947733,1341.204761,2.824979,1.461578,1.844059,1.541212,1.684053
172,679.988555,1095.505883,1341.094755,2.824979,1.461578,1.844059,1.541212,1.688106
173,679.421582,1109.064033,1340.929750,2.824979,1.461578,1.844059,1.541212,1.692526
174,678.854610,1122.622184,1340.704744,2.824979,1.461578,1.844059,1.541212,1.696946
175,678.287637,1136.180334,1340.419738,2.824979,1.461578,1.844059,1.541212,1.701006
176,677.720874,1149.733489,1340.079732,2.824979,1.461578,1.844059,1.541212,1.704690
177,677.154110,1163.286643,1339.689726,2.824979,1.461578,1.844059,1.541212,1.709477
178,676.587347,1176.839798,1339.234721,2.824979,1.461578,1.844059,1.541212,1.713540
179,676.020792,1190.387957,1338.724715,2.824979,1.461578,1.844059,1.541212,1.717590
180,675.454237,1203.936116,1338.159709,2.824979,1.461578,1.844059,1.541212,1.722023
181,674.887892,1217.479279,1337.534703,2.824979,1.461578,1.844059,1.541212,1.726071
182,674.321546,1231.022442,1336.854697,2.824979,1.461578,1.844059,1.541212,1.730505
183,673.755410,1244.560609,1336.114692,2.824979,1.461578,1.844059,1.541212,1.734551
184,673.189273,1258.098777,1335.319686,2.824979,1.461578,1.844059,1.541212,1.738642
185,672.623554,1271.626953,1334.469680,2.824979,1.461578,1.844059,1.541212,1.742687
186,672.057835,1285.155129,1333.564674,2.824979,1.461578,1.844059,1.541212,1.747097
187,671.492116,1298.683306,1332.599668,2.824979,1.461578,1.844059,1.541212,1.751193
188,670.926816,1312.201491,1331.579663,2.824979,1.461578,1.844059,1.541212,1.755601
189,670.361515,1325.719675,1330.499657,2.824979,1.461578,1.844059,1.541212,1.759700
190,669.796632,1339.227869,1329.364651,2.824979,1.461578,1.844059,1.541212,1.763739
191,669.231748,1352.736063,1328.174645,2.824979,1.461578,1.844059,1.541212,1.768208
192,668.667283,1366.234265,1326.924640,2.824979,1.461578,1.844059,1.541212,1.772243
193,668.102818,1379.732467,1325.619634,2.824979,1.461578,1.844059,1.541212,1.776716
194,667.538771,1393.220678,1324.254628,2.824979,1.461578,1.844059,1.541212,1.780380
195,666.974723,1406.708889,1322.839622,2.824979,1.461578,1.844059,1.541212,1.785221
196,666.411094,1420.187109,1321.359616,2.824979,1.461578,1.844059,1.541212,1.788599
197,665.847882,1433.655337,1319.834611,2.824979,1.461578,1.844059,1.541212,1.793357
198,665.284671,1447.123565,1318.244605,2.824979,1.461578,1.844059,1.541212,1.797468
199,664.721877,1460.581802,1316.599599,2.824979,1.461578,1.844059,1.541212,1.801948
200,664.159501,1474.030048,1314.894593,2.824979,1.461578,1.844059,1.541212,1.805602
201,663.597125,1487.478294,1313.139588,2.824979,1.461578,1.844059,1.541212,1.810081
202,663.035167,1500.916548,1311.324582,2.824979,1.461578,1.844059,1.541212,1.814196
203,662.473626,1514.344811,1309.454576,2.824979,1.461578,1.844059,1.541212,1.818678
204,661.912504,1527.763083,1307.524570,2.824979,1.461578,1.844059,1.541212,1.822377
205,661.351590,1541.176359,1305.544565,2.824979,1.461578,1.844059,1.541212,1.827168
206,660.790886,1554.584640,1303.499559,2.824979,1.461578,1.844059,1.541212,1.830978
207,660.230808,1567.977934,1301.404553,2.824979,1.461578,1.844059,1.541212,1.835039
208,659.670939,1581.366232,1299.254547,2.824979,1.461578,1.844059,1.541212,1.839521
209,659.111488,1594.744538,1297.044542,2.824979,1.461578,1.844059,1.541212,1.843640
210,658.552455,1608.112854,1294.779536,2.824979,1.461578,1.844059,1.541212,1.847759
211,657.993839,1621.471178,1292.459530,2.824979,1.461578,1.844059,1.541212,1.852241
212,657.435642,1634.819510,1290.079525,2.824979,1.461578,1.844059,1.541212,1.855932
213,656.877653,1648.162848,1287.649519,2.824979,1.461578,1.844059,1.541212,1.860480
214,656.320291,1661.491198,1285.159513,2.824979,1.461578,1.844059,1.541212,1.864599
215,655.763347,1674.809557,1282.614507,2.824979,1.461578,1.844059,1.541212,1.868789
216,655.207030,1688.112929,1280.014502,2.824979,1.461578,1.844059,1.541212,1.872837
217,654.650922,1701.411305,1277.359496,2.824979,1.461578,1.844059,1.541212,1.877389
218,654.095440,1714.694694,1274.644490,2.824979,1.461578,1.844059,1.541212,1.881508
219,653.540376,1727.968093,1271.874485,2.824979,1.461578,1.844059,1.541212,1.885625
220,652.985730,1741.231499,1269.049479,2.824979,1.461578,1.844059,1.541212,1.885625
221,676.257998,1782.370729,1262.543702,2.923404,1.461578,1.844059,1.522373,1.881779
222,703.690494,1821.039310,1256.207549,3.022001,1.461578,1.844059,1.504018,1.876107
223,735.035424,1856.825079,1250.107131,3.120852,1.461578,1.844059,1.486335,1.868655
224,770.000237,1889.336519,1244.306097,3.220028,1.461578,1.844059,1.469503,1.859488
225,808.248378,1918.208282,1238.864976,3.319589,1.461578,1.844059,1.453696,1.848684
226,849.400935,1943.106998,1233.840543,3.419583,1.461578,1.844059,1.439081,1.836337
227,893.039351,1963.737196,1229.285225,3.520043,1.461578,1.844059,1.425810,1.822559
228,938.709253,1979.847083,1225.246560,3.620987,1.461578,1.844059,1.414026,1.807479
229,985.925429,1991.233920,1221.766694,3.722415,1.461578,1.844059,1.403858,1.791241
230,1034.177912,1997.748712,1218.881946,3.824314,1.461578,1.844059,1.395417,1.774006
231,1082.939016,1999.299918,1216.622428,3.926652,1.461578,1.844059,1.388796,1.755951
232,1131.671123,1995.855965,1215.011730,4.029387,1.461578,1.844059,1.384071,1.737264
233,1179.834915,1987.446360,1214.066678,4.132463,1.461578,1.844059,1.381294,1.718144
234,1226.897725,1974.161332,1213.797151,4.235816,1.461578,1.844059,1.380497,1.698799
235,1272.341628,1956.150012,1214.205986,4.339376,1.461578,1.844059,1.381689,1.679442
236,1315.670954,1933.617271,1215.288943,4.443071,1.461578,1.844059,1.384856,1.660285
237,1356.418910,1906.819443,1217.034752,4.546828,1.461578,1.844059,1.389963,1.641541
238,1367.962230,1905.425521,1217.444757,4.546828,1.461578,1.844059,1.389963,1.642127
239,1379.736602,1904.011235,1217.854762,4.546828,1.461578,1.844059,1.389963,1.642183
240,1391.501192,1902.591536,1218.264768,4.546828,1.461578,1.844059,1.389963,1.641933
241,1403.311160,1901.163725,1218.679773,4.546828,1.461578,1.844059,1.389963,1.642276
242,1415.110928,1899.740492,1219.089778,4.546828,1.461578,1.844059,1.389963,1.642284
243,1426.920688,1898.317678,1219.499784,4.546828,1.461578,1.844059,1.389963,1.642688
244,1438.715460,1896.894236,1219.904789,4.546828,1.461578,1.844059,1.389963,1.642691
245,1450.515228,1895.471003,1220.309795,4.546828,1.461578,1.844059,1.389963,1.642691
246,1462.314997,1894.047771,1220.714800,4.546828,1.461578,1.844059,1.389963,1.642619
247,1474.104565,1892.629116,1221.119805,4.546828,1.461578,1.844059,1.389963,1.642752
248,1485.899546,1891.200679,1221.524811,4.546828,1.461578,1.844059,1.389963,1.643096
249,1497.684327,1889.776819,1221.924816,4.546828,1.461578,1.844059,1.389963,1.643028
250,1509.463904,1888.357747,1222.324822,4.546828,1.461578,1.844059,1.389963,1.643092
251,1521.243690,1886.933679,1222.724827,4.546828,1.461578,1.844059,1.389963,1.643028
252,1533.023267,1885.514606,1223.124832,4.546828,1.461578,1.844059,1.389963,1.643921
253,1544.798057,1884.090329,1223.514838,4.546828,1.461578,1.844059,1.389963,1.643089
254,1556.572847,1882.666052,1223.914843,4.546828,1.461578,1.844059,1.389963,1.643853
255,1568.342432,1881.246561,1224.304848,4.546828,1.461578,1.844059,1.389963,1.643437
256,1580.112018,1879.827071,1224.699854,4.546828,1.461578,1.844059,1.389963,1.643501
257,1591.881812,1878.402585,1225.094859,4.546828,1.461578,1.844059,1.389963,1.643918
258,1603.651606,1876.978098,1225.484865,4.546828,1.461578,1.844059,1.389963,1.643853
259,1615.421192,1875.558608,1225.874870,4.546828,1.461578,1.844059,1.389963,1.644748
260,1627.185991,1874.133913,1226.254875,4.546828,1.461578,1.844059,1.389963,1.643850
261,1638.950581,1872.714214,1226.644881,4.546828,1.461578,1.844059,1.389963,1.643921
262,1650.725371,1871.289936,1227.034886,4.546828,1.461578,1.844059,1.389963,1.644751
263,1662.495165,1869.865450,1227.414891,4.546828,1.461578,1.844059,1.389963,1.643857
264,1674.269746,1868.446169,1227.804897,4.546828,1.461578,1.844059,1.389963,1.644819
265,1686.044745,1867.016896,1228.184902,4.546828,1.461578,1.844059,1.389963,1.644687
266,1697.814331,1865.597405,1228.564908,4.546828,1.461578,1.844059,1.389963,1.644816
267,1709.584334,1864.167924,1228.944913,4.546828,1.461578,1.844059,1.389963,1.644687
268,1721.353919,1862.748433,1229.324918,4.546828,1.461578,1.844059,1.389963,1.644819
269,1733.128918,1861.319160,1229.704924,4.546828,1.461578,1.844059,1.389963,1.645522
270,1744.903499,1859.899879,1230.074929,4.546828,1.461578,1.844059,1.389963,1.644816
271,1756.673503,1858.470397,1230.454935,4.546828,1.461578,1.844059,1.389963,1.645173
272,1768.453288,1857.046329,1230.829940,4.546828,1.461578,1.844059,1.389963,1.645170
273,1780.228078,1855.622052,1231.204945,4.546828,1.461578,1.844059,1.389963,1.645649
274,1791.998082,1854.192570,1231.574951,4.546828,1.461578,1.844059,1.389963,1.645525
275,1803.777658,1852.773497,1231.944956,4.546828,1.461578,1.844059,1.389963,1.645649
276,1815.547662,1851.344016,1232.314961,4.546828,1.461578,1.844059,1.389963,1.645649
277,1827.317665,1849.914534,1232.684967,4.546828,1.461578,1.844059,1.389963,1.645520
278,1839.087251,1848.495043,1233.054972,4.546828,1.461578,1.844059,1.389963,1.646070
279,1850.867245,1847.065979,1233.419978,4.546828,1.461578,1.844059,1.389963,1.646065
280,1862.637249,1845.636498,1233.784983,4.546828,1.461578,1.844059,1.389963,1.646001
281,1874.407043,1844.212012,1234.149988,4.546828,1.461578,1.844059,1.389963,1.646006
282,1886.186829,1842.787943,1234.514994,4.546828,1.461578,1.844059,1.389963,1.646482
283,1897.956832,1841.358462,1234.874999,4.546828,1.461578,1.844059,1.389963,1.646482
284,1909.726835,1839.928980,1235.235005,4.546828,1.461578,1.844059,1.389963,1.646484
285,1921.501834,1838.499707,1235.595010,4.546828,1.461578,1.844059,1.389963,1.646420
286,1933.276624,1837.075430,1235.955015,4.546828,1.461578,1.844059,1.389963,1.646417
287,1945.046419,1835.650944,1236.315021,4.546828,1.461578,1.844059,1.389963,1.647315
288,1956.816422,1834.221462,1236.665026,4.546828,1.461578,1.844059,1.389963,1.646486
289,1968.596417,1832.792398,1237.025031,4.546828,1.461578,1.844059,1.389963,1.647315
290,1980.366420,1831.362916,1237.375037,4.546828,1.461578,1.844059,1.389963,1.646898
291,1992.136423,1829.933435,1237.730042,4.546828,1.461578,1.844059,1.389963,1.646902
292,2003.916418,1828.504371,1238.085048,4.546828,1.461578,1.844059,1.389963,1.647315
293,2015.686421,1827.074889,1238.435053,4.546828,1.461578,1.844059,1.389963,1.647315
294,2027.456424,1825.645407,1238.785058,4.546828,1.461578,1.844059,1.389963,1.647317
295,2039.231423,1824.216134,1239.135064,4.546828,1.461578,1.844059,1.389963,1.648150
296,2051.006422,1822.786862,1239.475069,4.546828,1.461578,1.844059,1.389963,1.647315
297,2062.776426,1821.357380,1239.825074,4.546828,1.461578,1.844059,1.389963,1.648148
298,2074.546429,1819.927898,1240.165080,4.546828,1.461578,1.844059,1.389963,1.647319
299,2086.326424,1818.498834,1240.515085,4.546828,1.461578,1.844059,1.389963,1.648148
300,2098.096427,1817.069352,1240.855091,4.546828,1.461578,1.844059,1.389963,1.648148
301,2109.866430,1815.639871,1241.195096,4.546828,1.461578,1.844059,1.389963,1.648151
302,2121.646425,1814.210807,1241.535101,4.546828,1.461578,1.844059,1.389963,1.648148
303,2133.416428,1812.781325,1241.875107,4.546828,1.461578,1.844059,1.389963,1.648148
304,2145.186431,1811.351843,1242.215112,4.546828,1.461578,1.844059,1.389963,1.648215
305,2156.966635,1809.917784,1242.555118,4.546828,1.461578,1.844059,1.389963,1.649046
306,2168.736847,1808.483306,1242.885123,4.546828,1.461578,1.844059,1.389963,1.648148
307,2180.506851,1807.053825,1243.225128,4.546828,1.461578,1.844059,1.389963,1.648984
308,2192.286845,1805.624761,1243.555134,4.546828,1.461578,1.844059,1.389963,1.648981
309,2204.056848,1804.195279,1243.885139,4.546828,1.461578,1.844059,1.389963,1.648629
310,2215.827061,1802.760801,1244.220144,4.546828,1.461578,1.844059,1.389963,1.649046
311,2227.597273,1801.326324,1244.550150,4.546828,1.461578,1.844059,1.389963,1.649400
312,2239.377268,1799.897260,1244.875155,4.546828,1.461578,1.844059,1.389963,1.648981
313,2251.147271,1798.467778,1245.205161,4.546828,1.461578,1.844059,1.389963,1.649110
314,2262.917692,1797.028305,1245.535166,4.546828,1.461578,1.844059,1.389963,1.649816
315,2274.697687,1795.599241,1245.855171,4.546828,1.461578,1.844059,1.389963,1.648981
316,2286.467690,1794.169760,1246.185177,4.546828,1.461578,1.844059,1.389963,1.649943
317,2298.238111,1792.730287,1246.505182,4.546828,1.461578,1.844059,1.389963,1.649816
318,2310.018106,1791.301223,1246.825188,4.546828,1.461578,1.844059,1.389963,1.649462
319,2321.788318,1789.866745,1247.150193,4.546828,1.461578,1.844059,1.389963,1.649880
320,2333.563526,1788.432477,1247.470198,4.546828,1.461578,1.844059,1.389963,1.650296
321,2345.338734,1786.998208,1247.785204,4.546828,1.461578,1.844059,1.389963,1.649879
322,2357.108946,1785.563731,1248.105209,4.546828,1.461578,1.844059,1.389963,1.649815
323,2368.883945,1784.134458,1248.425214,4.546828,1.461578,1.844059,1.389963,1.650777
324,2380.659362,1782.695194,1248.735220,4.546828,1.461578,1.844059,1.389963,1.649879
325,2392.429574,1781.260717,1249.055225,4.546828,1.461578,1.844059,1.389963,1.650713
326,2404.214773,1779.826866,1249.365231,4.546828,1.461578,1.844059,1.389963,1.650778
327,2416.010172,1778.388437,1249.675236,4.546828,1.461578,1.844059,1.389963,1.650361
328,2427.795580,1776.949591,1249.990241,4.546828,1.461578,1.844059,1.389963,1.650713
329,2439.575784,1775.515532,1250.300247,4.546828,1.461578,1.844059,1.389963,1.651130
330,2451.360983,1774.081681,1250.605252,4.546828,1.461578,1.844059,1.389963,1.650777
331,2463.141395,1772.642626,1250.915258,4.546828,1.461578,1.844059,1.389963,1.651129
332,2474.911608,1771.208148,1251.220263,4.546828,1.461578,1.844059,1.389963,1.651129
333,2486.681820,1769.773671,1251.525268,4.546828,1.461578,1.844059,1.389963,1.651193
334,2498.452241,1768.334198,1251.830274,4.546828,1.461578,1.844059,1.389963,1.651481
335,2510.212253,1766.904298,1252.130279,4.546828,1.461578,1.844059,1.389963,1.651128
336,2521.972474,1765.469403,1252.435285,4.546828,1.461578,1.844059,1.389963,1.651609
337,2533.732904,1764.029512,1252.735290,4.546828,1.461578,1.844059,1.389963,1.651545
338,2545.483134,1762.594199,1253.035295,4.546828,1.461578,1.844059,1.389963,1.651545
