Type,SourceX,SourceY,SourceZ,SegmentID
Parametric,-990.37,490.91,-1285.35,-1
Parametric,-1612.75,557.39,-1571.97,-1
Parametric,-1508.97,541.41,-2201.97,-1
Parametric,-990.37,490.91,-2485.35,-1
Parametric,-471.78,541.41,-2201.97,-1
Parametric,-368,557.39,-1571.97,-1
Parametric,-1626.06,700.22,-1295.35,0
Parametric,-1678.93,441.39,-1285.35,0
Parametric,-354.54,700.25,-1295.35,0
Parametric,-301.82,441.39,-1285.35,0
Parametric,-547.66,664.32,-2475.35,0
Parametric,-498.52,404.63,-2485.35,0
Parametric,-1432.94,664.3,-2475.35,0
Parametric,-1482.24,404.59,-2485.35,0
Parametric,-299.31,403.19,-1287.35,1
Parametric,-312.92,400.26,-1287.35,1
Parametric,-326.55,397.38,-1287.35,1
Parametric,-340.19,394.57,-1287.35,1
Parametric,-353.85,391.82,-1287.35,1
Parametric,-367.51,389.12,-1287.35,1
Parametric,-381.18,386.48,-1287.35,1
Parametric,-394.87,383.9,-1287.35,1
Parametric,-408.57,381.38,-1287.35,1
Parametric,-422.28,378.92,-1287.35,1
Parametric,-435.99,376.51,-1287.35,1
Parametric,-449.72,374.17,-1287.35,1
Parametric,-463.46,371.88,-1287.35,1
Parametric,-477.21,369.66,-1287.35,1
Parametric,-490.97,367.49,-1287.35,1
Parametric,-504.73,365.38,-1287.35,1
Parametric,-518.51,363.33,-1287.35,1
Parametric,-532.29,361.34,-1287.35,1
Parametric,-546.09,359.4,-1287.35,1
Parametric,-559.89,357.53,-1287.35,1
Parametric,-573.7,355.72,-1287.35,1
Parametric,-587.51,353.96,-1287.35,1
Parametric,-601.34,352.27,-1287.35,1
Parametric,-615.17,350.63,-1287.35,1
Parametric,-629.01,349.05,-1287.35,1
Parametric,-642.85,347.53,-1287.35,1
Parametric,-656.7,346.07,-1287.35,1
Parametric,-670.56,344.68,-1287.35,1
Parametric,-684.42,343.34,-1287.35,1
Parametric,-698.29,342.05,-1287.35,1
Parametric,-712.16,340.83,-1287.35,1
Parametric,-726.04,339.67,-1287.35,1
Parametric,-739.93,338.57,-1287.35,1
Parametric,-753.82,337.53,-1287.35,1
Parametric,-767.71,336.54,-1287.35,1
Parametric,-781.6,335.62,-1287.35,1
Parametric,-795.51,334.76,-1287.35,1
Parametric,-809.41,333.95,-1287.35,1
Parametric,-823.32,333.21,-1287.35,1
Parametric,-837.23,332.52,-1287.35,1
Parametric,-851.14,331.89,-1287.35,1
Parametric,-865.06,331.33,-1287.35,1
Parametric,-878.98,330.82,-1287.35,1
Parametric,-892.9,330.37,-1287.35,1
Parametric,-906.82,329.99,-1287.35,1
Parametric,-920.74,329.66,-1287.35,1
Parametric,-934.67,329.39,-1287.35,1
Parametric,-948.59,329.18,-1287.35,1
Parametric,-962.52,329.03,-1287.35,1
Parametric,-976.45,328.94,-1287.35,1
Parametric,-990.37,328.91,-1287.35,1
Parametric,-1004.3,328.94,-1287.35,1
Parametric,-1018.23,329.03,-1287.35,1
Parametric,-1032.15,329.18,-1287.35,1
Parametric,-1046.08,329.39,-1287.35,1
Parametric,-1060.01,329.66,-1287.35,1
Parametric,-1073.93,329.99,-1287.35,1
Parametric,-1087.85,330.37,-1287.35,1
Parametric,-1101.77,330.82,-1287.35,1
Parametric,-1115.69,331.33,-1287.35,1
Parametric,-1129.61,331.89,-1287.35,1
Parametric,-1143.52,332.52,-1287.35,1
Parametric,-1157.43,333.21,-1287.35,1
Parametric,-1171.34,333.95,-1287.35,1
Parametric,-1185.24,334.76,-1287.35,1
Parametric,-1199.14,335.62,-1287.35,1
Parametric,-1213.04,336.54,-1287.35,1
Parametric,-1226.93,337.53,-1287.35,1
Parametric,-1240.82,338.57,-1287.35,1
Parametric,-1254.7,339.67,-1287.35,1
Parametric,-1268.58,340.83,-1287.35,1
Parametric,-1282.46,342.05,-1287.35,1
Parametric,-1296.32,343.34,-1287.35,1
Parametric,-1310.19,344.68,-1287.35,1
Parametric,-1324.04,346.07,-1287.35,1
Parametric,-1337.9,347.53,-1287.35,1
Parametric,-1351.74,349.05,-1287.35,1
Parametric,-1365.58,350.63,-1287.35,1
Parametric,-1379.41,352.27,-1287.35,1
Parametric,-1393.23,353.96,-1287.35,1
Parametric,-1407.05,355.72,-1287.35,1
Parametric,-1420.86,357.53,-1287.35,1
Parametric,-1434.66,359.4,-1287.35,1
Parametric,-1448.45,361.34,-1287.35,1
Parametric,-1462.24,363.33,-1287.35,1
Parametric,-1476.01,365.38,-1287.35,1
Parametric,-1489.78,367.49,-1287.35,1
Parametric,-1503.54,369.66,-1287.35,1
Parametric,-1517.28,371.88,-1287.35,1
Parametric,-1531.02,374.17,-1287.35,1
Parametric,-1544.75,376.51,-1287.35,1
Parametric,-1558.47,378.92,-1287.35,1
Parametric,-1572.18,381.38,-1287.35,1
Parametric,-1585.88,383.9,-1287.35,1
Parametric,-1599.56,386.48,-1287.35,1
Parametric,-1613.24,389.12,-1287.35,1
Parametric,-1626.9,391.82,-1287.35,1
Parametric,-1640.55,394.57,-1287.35,1
Parametric,-1654.19,397.38,-1287.35,1
Parametric,-1667.82,400.26,-1287.35,1
Parametric,-1681.44,403.19,-1287.35,1
Parametric,-301.82,441.39,-1285.35,2
Parametric,-315.38,438.45,-1285.35,2
Parametric,-328.95,435.56,-1285.35,2
Parametric,-342.54,432.74,-1285.35,2
Parametric,-356.14,429.97,-1285.35,2
Parametric,-369.75,427.26,-1285.35,2
Parametric,-383.38,424.61,-1285.35,2
Parametric,-397.01,422.02,-1285.35,2
Parametric,-410.66,419.48,-1285.35,2
Parametric,-424.31,417.01,-1285.35,2
Parametric,-437.98,414.6,-1285.35,2
Parametric,-451.66,412.24,-1285.35,2
Parametric,-465.35,409.94,-1285.35,2
Parametric,-479.04,407.71,-1285.35,2
Parametric,-492.75,405.53,-1285.35,2
Parametric,-506.47,403.41,-1285.35,2
Parametric,-520.19,401.35,-1285.35,2
Parametric,-533.92,399.35,-1285.35,2
Parametric,-547.67,397.41,-1285.35,2
Parametric,-561.42,395.52,-1285.35,2
Parametric,-575.18,393.7,-1285.35,2
Parametric,-588.94,391.94,-1285.35,2
Parametric,-602.72,390.23,-1285.35,2
Parametric,-616.5,388.59,-1285.35,2
Parametric,-630.28,387.01,-1285.35,2
Parametric,-644.08,385.48,-1285.35,2
Parametric,-657.88,384.02,-1285.35,2
Parametric,-671.69,382.61,-1285.35,2
Parametric,-685.5,381.26,-1285.35,2
Parametric,-699.32,379.98,-1285.35,2
Parametric,-713.14,378.75,-1285.35,2
Parametric,-726.97,377.58,-1285.35,2
Parametric,-740.81,376.48,-1285.35,2
Parametric,-754.65,375.43,-1285.35,2
Parametric,-768.49,374.44,-1285.35,2
Parametric,-782.34,373.51,-1285.35,2
Parametric,-796.19,372.64,-1285.35,2
Parametric,-810.04,371.83,-1285.35,2
Parametric,-823.9,371.09,-1285.35,2
Parametric,-837.76,370.4,-1285.35,2
Parametric,-851.63,369.77,-1285.35,2
Parametric,-865.5,369.2,-1285.35,2
Parametric,-879.37,368.69,-1285.35,2
Parametric,-893.24,368.24,-1285.35,2
Parametric,-907.11,367.85,-1285.35,2
Parametric,-920.99,367.52,-1285.35,2
Parametric,-934.86,367.25,-1285.35,2
Parametric,-948.74,367.04,-1285.35,2
Parametric,-962.62,366.89,-1285.35,2
Parametric,-976.49,366.8,-1285.35,2
Parametric,-990.37,366.77,-1285.35,2
Parametric,-1004.25,366.8,-1285.35,2
Parametric,-1018.13,366.89,-1285.35,2
Parametric,-1032.01,367.04,-1285.35,2
Parametric,-1045.89,367.25,-1285.35,2
Parametric,-1059.76,367.52,-1285.35,2
Parametric,-1073.64,367.85,-1285.35,2
Parametric,-1087.51,368.24,-1285.35,2
Parametric,-1101.38,368.69,-1285.35,2
Parametric,-1115.25,369.2,-1285.35,2
Parametric,-1129.12,369.77,-1285.35,2
Parametric,-1142.98,370.4,-1285.35,2
Parametric,-1156.84,371.09,-1285.35,2
Parametric,-1170.7,371.83,-1285.35,2
Parametric,-1184.56,372.64,-1285.35,2
Parametric,-1198.41,373.51,-1285.35,2
Parametric,-1212.26,374.44,-1285.35,2
Parametric,-1226.1,375.43,-1285.35,2
Parametric,-1239.94,376.48,-1285.35,2
Parametric,-1253.77,377.58,-1285.35,2
Parametric,-1267.6,378.75,-1285.35,2
Parametric,-1281.43,379.98,-1285.35,2
Parametric,-1295.25,381.26,-1285.35,2
Parametric,-1309.06,382.61,-1285.35,2
Parametric,-1322.87,384.02,-1285.35,2
Parametric,-1336.67,385.48,-1285.35,2
Parametric,-1350.46,387.01,-1285.35,2
Parametric,-1364.25,388.59,-1285.35,2
Parametric,-1378.03,390.23,-1285.35,2
Parametric,-1391.8,391.94,-1285.35,2
Parametric,-1405.57,393.7,-1285.35,2
Parametric,-1419.33,395.52,-1285.35,2
Parametric,-1433.08,397.41,-1285.35,2
Parametric,-1446.82,399.35,-1285.35,2
Parametric,-1460.56,401.35,-1285.35,2
Parametric,-1474.28,403.41,-1285.35,2
Parametric,-1488,405.53,-1285.35,2
Parametric,-1501.7,407.71,-1285.35,2
Parametric,-1515.4,409.94,-1285.35,2
Parametric,-1529.09,412.24,-1285.35,2
Parametric,-1542.77,414.6,-1285.35,2
Parametric,-1556.43,417.01,-1285.35,2
Parametric,-1570.09,419.48,-1285.35,2
Parametric,-1583.73,422.02,-1285.35,2
Parametric,-1597.37,424.61,-1285.35,2
Parametric,-1610.99,427.26,-1285.35,2
Parametric,-1624.6,429.97,-1285.35,2
Parametric,-1638.2,432.74,-1285.35,2
Parametric,-1651.79,435.56,-1285.35,2
Parametric,-1665.37,438.45,-1285.35,2
Parametric,-1678.93,441.39,-1285.35,2
Parametric,-1678.96,441.2,-1285.35,3
Parametric,-1673.73,440.06,-1317.41,3
Parametric,-1669.85,439.23,-1341.16,3
Parametric,-1665.97,438.39,-1364.96,3
Parametric,-1662.09,437.57,-1388.72,3
Parametric,-1658.21,436.75,-1412.47,3
Parametric,-1654.33,435.93,-1436.19,3
Parametric,-1650.47,435.13,-1459.86,3
Parametric,-1646.6,434.32,-1483.52,3
Parametric,-1642.74,433.52,-1507.15,3
Parametric,-1638.88,432.73,-1530.79,3
Parametric,-1635.02,431.94,-1554.41,3
Parametric,-1631.15,431.16,-1578.02,3
Parametric,-1627.29,430.38,-1601.66,3
Parametric,-1623.42,429.61,-1625.28,3
Parametric,-1619.55,428.84,-1648.92,3
Parametric,-1615.69,428.07,-1672.57,3
Parametric,-1611.82,427.31,-1696.21,3
Parametric,-1607.94,426.56,-1719.86,3
Parametric,-1604.07,425.8,-1743.51,3
Parametric,-1600.2,425.06,-1767.15,3
Parametric,-1596.33,424.32,-1790.79,3
Parametric,-1592.46,423.58,-1814.42,3
Parametric,-1588.58,422.85,-1838.06,3
Parametric,-1584.71,422.12,-1861.7,3
Parametric,-1580.83,421.39,-1885.34,3
Parametric,-1576.96,420.68,-1908.98,3
Parametric,-1573.08,419.96,-1932.62,3
Parametric,-1569.2,419.25,-1956.26,3
Parametric,-1565.33,418.55,-1979.9,3
Parametric,-1561.45,417.85,-2003.55,3
Parametric,-1557.57,417.15,-2027.19,3
Parametric,-1553.69,416.46,-2050.83,3
Parametric,-1549.81,415.78,-2074.47,3
Parametric,-1545.93,415.09,-2098.11,3
Parametric,-1542.04,414.42,-2121.75,3
Parametric,-1538.16,413.75,-2145.39,3
Parametric,-1534.28,413.08,-2169.03,3
Parametric,-1530.39,412.41,-2192.67,3
Parametric,-1526.51,411.76,-2216.31,3
Parametric,-1522.62,411.1,-2239.95,3
Parametric,-1518.74,410.45,-2263.59,3
Parametric,-1514.85,409.81,-2287.23,3
Parametric,-1510.96,409.17,-2310.87,3
Parametric,-1507.07,408.54,-2334.51,3
Parametric,-1503.18,407.91,-2358.15,3
Parametric,-1499.29,407.28,-2381.79,3
Parametric,-1495.39,406.66,-2405.52,3
Parametric,-1491.48,406.04,-2429.24,3
Parametric,-1487.59,405.43,-2452.86,3
Parametric,-1482.24,404.59,-2485.35,3
Parametric,-1681.36,403.29,-1287.71,4
Parametric,-1676.42,402.22,-1317.99,4
Parametric,-1672.56,401.38,-1341.63,4
Parametric,-1668.7,400.56,-1365.27,4
Parametric,-1664.84,399.74,-1388.91,4
Parametric,-1660.98,398.92,-1412.55,4
Parametric,-1657.12,398.11,-1436.19,4
Parametric,-1653.26,397.3,-1459.83,4
Parametric,-1649.4,396.5,-1483.47,4
Parametric,-1645.53,395.7,-1507.11,4
Parametric,-1641.67,394.91,-1530.75,4
Parametric,-1637.8,394.12,-1554.39,4
Parametric,-1633.94,393.34,-1578.03,4
Parametric,-1630.07,392.56,-1601.67,4
Parametric,-1626.21,391.78,-1625.31,4
Parametric,-1622.34,391.01,-1648.95,4
Parametric,-1618.47,390.25,-1672.59,4
Parametric,-1614.6,389.49,-1696.23,4
Parametric,-1610.73,388.73,-1719.87,4
Parametric,-1606.86,387.98,-1743.51,4
Parametric,-1602.99,387.24,-1767.15,4
Parametric,-1599.12,386.49,-1790.78,4
Parametric,-1595.24,385.76,-1814.42,4
Parametric,-1591.37,385.02,-1838.07,4
Parametric,-1587.49,384.3,-1861.71,4
Parametric,-1583.62,383.57,-1885.35,4
Parametric,-1579.74,382.85,-1908.99,4
Parametric,-1575.87,382.14,-1932.63,4
Parametric,-1571.99,381.43,-1956.27,4
Parametric,-1568.11,380.73,-1979.91,4
Parametric,-1564.23,380.03,-2003.55,4
Parametric,-1560.35,379.33,-2027.19,4
Parametric,-1556.47,378.64,-2050.83,4
Parametric,-1552.59,377.95,-2074.47,4
Parametric,-1548.71,377.27,-2098.11,4
Parametric,-1544.83,376.6,-2121.75,4
Parametric,-1540.95,375.92,-2145.39,4
Parametric,-1537.06,375.26,-2169.03,4
Parametric,-1533.18,374.59,-2192.67,4
Parametric,-1529.29,373.94,-2216.31,4
Parametric,-1525.41,373.28,-2239.95,4
Parametric,-1521.52,372.63,-2263.59,4
Parametric,-1517.63,371.99,-2287.23,4
Parametric,-1513.75,371.35,-2310.87,4
Parametric,-1509.86,370.72,-2334.51,4
Parametric,-1505.97,370.09,-2358.15,4
Parametric,-1502.08,369.46,-2381.79,4
Parametric,-1498.19,368.84,-2405.43,4
Parametric,-1494.3,368.22,-2429.07,4
Parametric,-1490.4,367.61,-2452.71,4
Parametric,-1485.37,366.83,-2483.25,4
Parametric,-1481.4,404.21,-2485.35,5
Parametric,-1461.9,401.26,-2485.35,5
Parametric,-1442.39,398.43,-2485.35,5
Parametric,-1422.86,395.71,-2485.35,5
Parametric,-1403.32,393.12,-2485.35,5
Parametric,-1383.76,390.65,-2485.35,5
Parametric,-1364.19,388.29,-2485.35,5
Parametric,-1344.6,386.06,-2485.35,5
Parametric,-1325,383.95,-2485.35,5
Parametric,-1305.38,381.96,-2485.35,5
Parametric,-1285.76,380.09,-2485.35,5
Parametric,-1266.12,378.33,-2485.35,5
Parametric,-1246.47,376.7,-2485.35,5
Parametric,-1226.81,375.19,-2485.35,5
Parametric,-1207.15,373.8,-2485.35,5
Parametric,-1187.47,372.53,-2485.35,5
Parametric,-1167.79,371.38,-2485.35,5
Parametric,-1148.1,370.36,-2485.35,5
Parametric,-1128.41,369.45,-2485.35,5
Parametric,-1108.71,368.66,-2485.35,5
Parametric,-1089,368,-2485.35,5
Parametric,-1069.3,367.45,-2485.35,5
Parametric,-1049.59,367.03,-2485.35,5
Parametric,-1029.87,366.73,-2485.35,5
Parametric,-1010.16,366.55,-2485.35,5
Parametric,-990.44,366.48,-2485.35,5
Parametric,-970.73,366.54,-2485.35,5
Parametric,-951.01,366.73,-2485.35,5
Parametric,-931.3,367.03,-2485.35,5
Parametric,-911.59,367.45,-2485.35,5
Parametric,-891.88,367.99,-2485.35,5
Parametric,-872.18,368.66,-2485.35,5
Parametric,-852.48,369.44,-2485.35,5
Parametric,-832.78,370.35,-2485.35,5
Parametric,-813.1,371.38,-2485.35,5
Parametric,-793.41,372.52,-2485.35,5
Parametric,-773.74,373.79,-2485.35,5
Parametric,-754.07,375.18,-2485.35,5
Parametric,-734.42,376.69,-2485.35,5
Parametric,-714.77,378.32,-2485.35,5
Parametric,-695.13,380.07,-2485.35,5
Parametric,-675.51,381.94,-2485.35,5
Parametric,-655.89,383.93,-2485.35,5
Parametric,-636.29,386.05,-2485.35,5
Parametric,-616.7,388.28,-2485.35,5
Parametric,-597.13,390.63,-2485.35,5
Parametric,-577.57,393.1,-2485.35,5
Parametric,-558.02,395.69,-2485.35,5
Parametric,-538.49,398.41,-2485.35,5
Parametric,-518.98,401.24,-2485.35,5
Parametric,-499.49,404.19,-2485.35,5
Parametric,-1485.36,366.8,-2483.35,6
Parametric,-1465.71,363.84,-2483.35,6
Parametric,-1446.03,360.99,-2483.35,6
Parametric,-1426.35,358.27,-2483.35,6
Parametric,-1406.64,355.66,-2483.35,6
Parametric,-1386.92,353.18,-2483.35,6
Parametric,-1367.18,350.82,-2483.35,6
Parametric,-1347.43,348.57,-2483.35,6
Parametric,-1327.67,346.45,-2483.35,6
Parametric,-1307.9,344.45,-2483.35,6
Parametric,-1288.11,342.57,-2483.35,6
Parametric,-1268.31,340.81,-2483.35,6
Parametric,-1248.5,339.17,-2483.35,6
Parametric,-1228.68,337.65,-2483.35,6
Parametric,-1208.85,336.26,-2483.35,6
Parametric,-1189.02,334.98,-2483.35,6
Parametric,-1169.17,333.83,-2483.35,6
Parametric,-1149.32,332.8,-2483.35,6
Parametric,-1129.47,331.89,-2483.35,6
Parametric,-1109.61,331.1,-2483.35,6
Parametric,-1089.74,330.43,-2483.35,6
Parametric,-1069.87,329.88,-2483.35,6
Parametric,-1050,329.46,-2483.35,6
Parametric,-1030.13,329.15,-2483.35,6
Parametric,-1010.25,328.97,-2483.35,6
Parametric,-990.37,328.91,-2483.35,6
Parametric,-970.5,328.97,-2483.35,6
Parametric,-950.62,329.15,-2483.35,6
Parametric,-930.75,329.46,-2483.35,6
Parametric,-910.87,329.88,-2483.35,6
Parametric,-891,330.43,-2483.35,6
Parametric,-871.14,331.1,-2483.35,6
Parametric,-851.28,331.89,-2483.35,6
Parametric,-831.42,332.8,-2483.35,6
Parametric,-811.57,333.83,-2483.35,6
Parametric,-791.73,334.98,-2483.35,6
Parametric,-771.89,336.26,-2483.35,6
Parametric,-752.07,337.65,-2483.35,6
Parametric,-732.25,339.17,-2483.35,6
Parametric,-712.44,340.81,-2483.35,6
Parametric,-692.64,342.57,-2483.35,6
Parametric,-672.85,344.45,-2483.35,6
Parametric,-653.08,346.45,-2483.35,6
Parametric,-633.31,348.57,-2483.35,6
Parametric,-613.56,350.82,-2483.35,6
Parametric,-593.83,353.18,-2483.35,6
Parametric,-574.11,355.66,-2483.35,6
Parametric,-554.4,358.27,-2483.35,6
Parametric,-534.71,360.99,-2483.35,6
Parametric,-515.04,363.84,-2483.35,6
Parametric,-495.39,366.8,-2483.35,6
Parametric,-493.15,405.46,-2452.71,7
Parametric,-489.25,406.08,-2429.07,7
Parametric,-485.36,406.69,-2405.43,7
Parametric,-481.47,407.31,-2381.79,7
Parametric,-477.58,407.94,-2358.15,7
Parametric,-473.69,408.57,-2334.51,7
Parametric,-469.8,409.2,-2310.87,7
Parametric,-465.92,409.84,-2287.23,7
Parametric,-462.03,410.49,-2263.59,7
Parametric,-458.14,411.14,-2239.95,7
Parametric,-454.26,411.79,-2216.31,7
Parametric,-450.37,412.45,-2192.67,7
Parametric,-446.49,413.11,-2169.03,7
Parametric,-442.6,413.78,-2145.39,7
Parametric,-438.72,414.45,-2121.75,7
Parametric,-434.84,415.13,-2098.11,7
Parametric,-430.96,415.81,-2074.47,7
Parametric,-427.08,416.5,-2050.83,7
Parametric,-423.2,417.19,-2027.19,7
Parametric,-419.32,417.88,-2003.55,7
Parametric,-415.44,418.58,-1979.91,7
Parametric,-411.56,419.29,-1956.27,7
Parametric,-407.68,420,-1932.63,7
Parametric,-403.81,420.71,-1908.99,7
Parametric,-399.93,421.43,-1885.35,7
Parametric,-396.06,422.15,-1861.71,7
Parametric,-392.18,422.88,-1838.07,7
Parametric,-388.31,423.61,-1814.42,7
Parametric,-384.44,424.35,-1790.78,7
Parametric,-380.56,425.09,-1767.14,7
Parametric,-376.69,425.84,-1743.51,7
Parametric,-372.82,426.59,-1719.87,7
Parametric,-368.95,427.34,-1696.23,7
Parametric,-365.08,428.11,-1672.59,7
Parametric,-361.21,428.87,-1648.95,7
Parametric,-357.35,429.64,-1625.31,7
Parametric,-353.48,430.42,-1601.67,7
Parametric,-349.61,431.19,-1578.03,7
Parametric,-345.75,431.98,-1554.39,7
Parametric,-341.88,432.77,-1530.75,7
Parametric,-338.02,433.56,-1507.11,7
Parametric,-334.15,434.36,-1483.47,7
Parametric,-330.29,435.16,-1459.83,7
Parametric,-326.43,435.97,-1436.19,7
Parametric,-322.57,436.78,-1412.55,7
Parametric,-318.71,437.6,-1388.91,7
Parametric,-314.85,438.42,-1365.27,7
Parametric,-310.99,439.24,-1341.63,7
Parametric,-307.13,440.07,-1317.99,7
Parametric,-301.89,441.21,-1285.96,7
Parametric,-490.34,367.61,-2452.71,8
Parametric,-486.45,368.22,-2429.07,8
Parametric,-482.56,368.84,-2405.43,8
Parametric,-478.67,369.46,-2381.79,8
Parametric,-474.78,370.09,-2358.15,8
Parametric,-470.89,370.72,-2334.51,8
Parametric,-467,371.35,-2310.87,8
Parametric,-463.11,371.99,-2287.23,8
Parametric,-459.22,372.63,-2263.59,8
Parametric,-455.34,373.28,-2239.95,8
Parametric,-451.45,373.94,-2216.31,8
Parametric,-447.57,374.59,-2192.67,8
Parametric,-443.68,375.26,-2169.03,8
Parametric,-439.8,375.92,-2145.39,8
Parametric,-435.92,376.6,-2121.75,8
Parametric,-432.03,377.27,-2098.11,8
Parametric,-428.15,377.95,-2074.47,8
Parametric,-424.27,378.64,-2050.83,8
Parametric,-420.39,379.33,-2027.19,8
Parametric,-416.51,380.03,-2003.55,8
Parametric,-412.63,380.73,-1979.91,8
Parametric,-408.76,381.43,-1956.27,8
Parametric,-404.88,382.14,-1932.63,8
Parametric,-401,382.85,-1908.99,8
Parametric,-397.13,383.57,-1885.35,8
Parametric,-393.25,384.3,-1861.71,8
Parametric,-389.38,385.02,-1838.07,8
Parametric,-385.5,385.76,-1814.42,8
Parametric,-381.63,386.49,-1790.78,8
Parametric,-377.76,387.24,-1767.15,8
Parametric,-373.89,387.98,-1743.51,8
Parametric,-370.02,388.73,-1719.87,8
Parametric,-366.15,389.49,-1696.23,8
Parametric,-362.28,390.25,-1672.59,8
Parametric,-358.41,391.01,-1648.95,8
Parametric,-354.54,391.78,-1625.31,8
Parametric,-350.67,392.56,-1601.67,8
Parametric,-346.81,393.34,-1578.03,8
Parametric,-342.94,394.12,-1554.39,8
Parametric,-339.08,394.91,-1530.75,8
Parametric,-335.21,395.7,-1507.11,8
Parametric,-331.35,396.5,-1483.47,8
Parametric,-327.49,397.3,-1459.83,8
Parametric,-323.62,398.11,-1436.19,8
Parametric,-319.76,398.92,-1412.55,8
Parametric,-315.9,399.74,-1388.91,8
Parametric,-312.04,400.56,-1365.27,8
Parametric,-308.18,401.38,-1341.63,8
Parametric,-304.33,402.22,-1317.99,8
Parametric,-299.38,403.29,-1287.71,8
